{
  "overall": {
    "accuracy": 0.9969264517401163,
    "f1_macro": 0.6843339491854329,
    "f1_weighted": 0.9968631847164348,
    "precision_macro": 0.706556355730174,
    "recall_macro": 0.7114234649779715
  },
  "base_model": {
    "auroc_macro": 0.9471171907766796,
    "auroc_weighted": 0.9998641011943871,
    "auprc_macro": 0.7520755918963409,
    "auprc_weighted": 0.9992402480483515,
    "brier_score": 0.007755417207936952
  },
  "calibrated_model": {
    "temperature": 0.9047001004219055,
    "auroc_macro": 0.9470318081068826,
    "auroc_weighted": 0.9998671386644165,
    "auprc_macro": 0.7498345677222947,
    "auprc_weighted": 0.9992488808527492,
    "brier_score": 0.006057453333579496,
    "brier_improvement": 0.0016979638743574565
  },
  "confusion_matrix": [
    [
      73403,
      0,
      19,
      0,
      0,
      0,
      1,
      0,
      0,
      0,
      0,
      4,
      1
    ],
    [
      0,
      0,
      0,
      0,
      0,
      0,
      0,
      0,
      0,
      0,
      0,
      2,
      0
    ],
    [
      22,
      0,
      18680,
      2,
      0,
      0,
      0,
      0,
      0,
      0,
      0,
      277,
      275
    ],
    [
      0,
      0,
      0,
      4,
      0,
      0,
      0,
      0,
      0,
      0,
      0,
      0,
      0
    ],
    [
      0,
      0,
      0,
      0,
      280,
      0,
      0,
      0,
      0,
      0,
      0,
      12,
      0
    ],
    [
      0,
      0,
      0,
      0,
      18,
      10,
      0,
      0,
      0,
      0,
      0,
      0,
      0
    ],
    [
      3,
      0,
      1,
      0,
      0,
      0,
      10282,
      0,
      0,
      0,
      0,
      2,
      345
    ],
    [
      0,
      0,
      0,
      0,
      0,
      0,
      0,
      0,
      0,
      0,
      0,
      2,
      0
    ],
    [
      0,
      0,
      0,
      0,
      0,
      0,
      0,
      0,
      0,
      0,
      0,
      31,
      0
    ],
    [
      0,
      0,
      0,
      0,
      0,
      0,
      0,
      0,
      0,
      1973,
      3,
      0,
      2
    ],
    [
      0,
      0,
      0,
      0,
      0,
      0,
      0,
      0,
      0,
      0,
      47,
      0,
      0
    ],
    [
      10,
      0,
      73,
      3,
      0,
      0,
      0,
      0,
      0,
      0,
      0,
      103639,
      47
    ],
    [
      3,
      0,
      34,
      3,
      4,
      0,
      4,
      0,
      0,
      1,
      0,
      43,
      196155
    ]
  ],
  "class_names": [
    "DNS",
    "FacebookZero",
    "HTTP",
    "HTTP_Proxy",
    "IMAPS",
    "POPS",
    "QUIC",
    "SMBv23",
    "SMTPS",
    "STUN",
    "Skype",
    "TLS",
    "Unknown"
  ],
  "label_map": {
    "0": "DNS",
    "1": "FacebookZero",
    "2": "HTTP",
    "3": "HTTP_Proxy",
    "4": "IMAPS",
    "5": "POPS",
    "6": "QUIC",
    "7": "SMBv23",
    "8": "SMTPS",
    "9": "STUN",
    "10": "Skype",
    "11": "TLS",
    "12": "Unknown"
  }
}