{
  "metrics": {
    "AUROC": 0.5282323232323232,
    "AUPRC": 0.5803554584805172,
    "F1": 0.6134969325153374,
    "Brier": 0.31829309506755143
  },
  "gate_mean": 0.29506282053887845,
  "gate_std": 0.2260780354448409,
  "n_samples": 400,
  "n_malware": 220
}