{
  "metrics": {
    "AUROC": 0.48999054224464056,
    "AUPRC": 0.5971778569565055,
    "F1": 0.7577639751552795,
    "Brier": 0.23964390312354433
  },
  "gate_mean": 0.5106123584508896,
  "gate_std": 0.008178624499212165,
  "n_samples": 400,
  "n_malware": 244
}