{
  "confusion_matrix": [
    [
      10067,
      35
    ],
    [
      48,
      8747
    ]
  ],
  "tn": 10067,
  "fp": 35,
  "fn": 48,
  "tp": 8747,
  "accuracy": 0.9956077684288511,
  "precision_normal": 0.9952545724172022,
  "recall_normal": 0.9965353395367254,
  "f1_normal": 0.9958945441954791,
  "precision_malware": 0.9960145752675928,
  "recall_malware": 0.9945423536100056,
  "f1_malware": 0.9952779200091028,
  "precision_macro": 0.9956345738423975,
  "recall_macro": 0.9955388465733654,
  "f1_macro": 0.9955862321022909,
  "fpr": 0.0034646604632745993,
  "fnr": 0.005457646389994315,
  "tnr": 0.9965353395367254,
  "roc_auc": 0.9998510024357579,
  "pr_auc": 0.9998349106934373,
  "support_normal": 10102,
  "support_malware": 8795
}