{
  "confusion_matrix": [
    [
      9997,
      105
    ],
    [
      65,
      8730
    ]
  ],
  "tn": 9997,
  "fp": 105,
  "fn": 65,
  "tp": 8730,
  "accuracy": 0.9910038630470445,
  "precision_normal": 0.9935400516795866,
  "recall_normal": 0.9896060186101762,
  "f1_normal": 0.9915691331085102,
  "precision_malware": 0.9881154499151104,
  "recall_malware": 0.992609437180216,
  "f1_malware": 0.9903573454339194,
  "precision_macro": 0.9908277507973484,
  "recall_macro": 0.9911077278951961,
  "f1_macro": 0.9909632392712149,
  "fpr": 0.010393981389823797,
  "fnr": 0.007390562819783968,
  "tnr": 0.9896060186101762,
  "roc_auc": 0.9992528736731838,
  "pr_auc": 0.9991859836246145,
  "support_normal": 10102,
  "support_malware": 8795
}