{
  "confusion_matrix": [
    [
      10008,
      94
    ],
    [
      94,
      8701
    ]
  ],
  "tn": 10008,
  "fp": 94,
  "fn": 94,
  "tp": 8701,
  "accuracy": 0.9900513308990845,
  "precision_normal": 0.9906949118986339,
  "recall_normal": 0.9906949118986339,
  "f1_normal": 0.9906949118986339,
  "precision_malware": 0.9893121091529278,
  "recall_malware": 0.9893121091529278,
  "f1_malware": 0.9893121091529278,
  "precision_macro": 0.9900035105257808,
  "recall_macro": 0.9900035105257808,
  "f1_macro": 0.9900035105257808,
  "fpr": 0.009305088101366066,
  "fnr": 0.0106878908470722,
  "tnr": 0.9906949118986339,
  "roc_auc": 0.9993276763482069,
  "pr_auc": 0.9992736951463292,
  "support_normal": 10102,
  "support_malware": 8795
}